id,authors,year,title,themes,question,sample,design,measures,results,inference,competing_explanations,classroom_use,coverage,url
cohen1990-absorptive-capacity,Wesley M. Cohen; Daniel A. Levinthal,1990,Absorptive Capacity: A New Perspective on Learning and Innovation,Antecedents; KBV; Capabilities; Empirical,Why does prior related knowledge affect a firm’s ability to benefit from external technological information?,"1,719 business units from 318 firms in 151 lines of business.",Cross-sectional linkage of R&D-manager technological-opportunity surveys with FTC Line of Business data.,"Business-unit R&D intensity, industry knowledge sources, appropriability and technological opportunity.",Patterns of R&D investment were consistent with an absorptive role for internal research.,Indirect empirical assessment of a learning mechanism; not direct causal estimation of absorptive capacity.,"Unobserved innovative opportunity, coarse industry knowledge measures and endogenous R&D investment.",Use to explain why equally available information produces unequal learning and to distinguish access from assimilation.,Conceptual opening; organizational absorption discussion; Data and Measures pp. 142–143; empirical framework and discussion.,https://doi.org/10.2307/2393553
epple1991-learning-curves,Dennis Epple; Linda Argote; Rukmini Devadas,1991,Organizational Learning Curves: A Method for Investigating Intra-Plant Transfer of Knowledge Acquired Through Learning by Doing,KBV; Capabilities; Empirical,"Is production knowledge fully embodied in equipment, or does some of it remain associated with people and organizational experience?",Production observations from an automobile assembly plant before and after addition of a second shift.,"Generalized learning-curve estimation with tests of complete carryover, cross-shift transfer and retention restrictions.","Output, labor and production inputs, accumulated experience, shift-specific and shared knowledge parameters.","Complete transfer was rejected; substantial knowledge carried over, with incomplete later cross-shift transfer.",A discriminating observational test against complete technological embodiment.,"Model misspecification, workforce differences and contemporaneous production changes.","Use as a concrete test of where organizational knowledge resides, with a clear prediction that could be rejected.",Abstract p. 58; intra-plant knowledge-transfer model; estimation and discussion pp. 65–70.,https://doi.org/10.1287/orsc.2.1.58
leonardbarton1992-core-rigidities,Dorothy Leonard-Barton,1992,Core Capabilities and Core Rigidities: A Paradox in Managing New Product Development,Capabilities; KBV; Critiques; Empirical,How can the same core capability support successful development and obstruct a project requiring new knowledge?,"Twenty product/process projects across Ford, Chaparral Steel, Hewlett-Packard and two anonymous firms.","Comparative qualitative cases; cross-team analysis, interviews, site visits and member checks.",Four capability dimensions and their alignment with project requirements.,The same interdependent knowledge system both enables projects and constrains unfamiliar requirements.,Inductive mechanism inference; not a universal causal performance relationship.,"Project differences, retrospective accounts, company participation and mixed definitions of project success.",Use to explain the mechanism behind capability rigidity before presenting later statistical evidence on adaptation and innovation.,"Selected source excerpts: PDF pp. 3–4, framework and project sample; PDF pp. 6–7 and 10–11, selected project evidence; PDF pp. 14 and 16, conclusion and methodology appendix. Tables and other sections not fully reviewed.",https://josephmahoney.web.illinois.edu/BADM504_Fall%202019/Leonard-Barton%20%281992%29.pdf
henderson1994-measuring-competence,Rebecca Henderson; Iain Cockburn,1994,Measuring Competence? Exploring Firm Effects in Pharmaceutical Research,RBV; KBV; Capabilities; Empirical,"Can measured organizational competences explain research productivity beyond firm size, portfolio composition and unexplained firm effects?",Ten major European and U.S. pharmaceutical firms; research-program analysis focused on 1975–1988.,Program-level patent-output models combined with qualitative organizational histories.,"Research investment, prior patents, portfolio scope, publication incentives and resource-allocation structure.",Some architectural practices and prior success associate with output; portfolio and firm effects complicate interpretation.,"Associations consistent with competence, explicitly not a convincing separation from all unobserved heterogeneity.","Scientist quality, scientific opportunities, patent propensity, agency problems and research-portfolio composition.","Use as a canonical attempt to open the firm-effect black box, with its own measurement cautions retained.","Selected source excerpts: PDF pp. 8–9 (printed pp. 69–70), data; PDF pp. 16–18 (printed pp. 77–79), results and conclusions. Tables and other sections not fully reviewed.",https://josephmahoney.web.illinois.edu/BA545_Fall%202013/Henderson%20and%20Cockburn%20%281994%29.pdf
zander1995-transfer-imitation,Udo Zander; Bruce Kogut,1995,Knowledge and the Speed of the Transfer and Imitation of Organizational Capabilities: An Empirical Test,KBV; Capabilities; Empirical,Do the knowledge characteristics that facilitate internal replication also make a capability easier for competitors to imitate?,35 major Swedish innovations analyzed; the questionnaire initially targeted 44 innovations associated with 20 firms.,Observational analysis of time to capability transfer and product imitation.,"Codifiability, teachability, complexity, employee turnover, continuing development and transfer/imitation timing.",Knowledge codification and teachability accelerated transfer; imitation effects were qualified and influenced by mobility and continued development.,Evidence links knowledge attributes to transfer hazards without experimentally assigning those attributes.,"Recall error, selected successful innovations, product/manufacturing outcome mismatch and omitted protection mechanisms.","Use to make causal ambiguity and transferability concrete, and to test the simple proposition that anything transferable internally must be equally easy to imitate externally.",Abstract pp. 76–77; sample pp. 80–81; transfer/imitation results and field illustrations.,https://doi.org/10.1287/orsc.6.1.76
miller1996-two-environments,Danny Miller; Jamal Shamsie,1996,The Resource-Based View of the Firm in Two Environments: The Hollywood Film Studios from 1936 to 1965,RBV; Capabilities; Bridge; Empirical,When do property-based resources and knowledge-based resources contribute to performance under different environmental conditions?,"Seven major Hollywood studios, 1936–1965; RKO excluded because it ceased operations before the end.",Historical autoregressive/heteroscedastic regressions separated by era.,"Star contracts, theater control, Academy Awards and prior production costs; ROS, profits and share.",Property-based resources stronger in stable era; knowledge-based indicators stronger in uncertain era.,"Historical conditional association, not an isolated causal effect of uncertainty.","Other era changes, survival selection, legal change and imperfect archival proxies.",Use as the central empirical illustration that valuable resources must be specified relative to environmental conditions.,"Selected source excerpts: PDF pp. 11–12 and 14 (printed pp. 528–529 and 531), sample and variables; PDF p. 20 (printed p. 537), Tables 4–5; PDF pp. 22–23, discussion. Tables and other sections not fully reviewed.",https://josephmahoney.web.illinois.edu/BA549_Fall%202010/Session%206/Miller_Shamsie%20%281996%29.pdf
szulanski1996-internal-stickiness,Gabriel Szulanski,1996,Exploring Internal Stickiness: Impediments to the Transfer of Best Practice Within the Firm,KBV; Capabilities; Empirical,Why are superior practices difficult to transfer between units that belong to the same firm?,271 questionnaires concerning 122 transfers of 38 practices across eight companies.,"Two-stage survey with source, recipient and third-party reports; canonical correlation analysis.","Transfer stickiness by stage; absorptive capacity, causal ambiguity, relational difficulty and motivational barriers.","Largest reported barriers were recipient absorption, causal ambiguity and arduous relationships.",Associational comparison of barriers; canonical weights do not yield randomized causal effects.,"Selected transfer histories, respondent recall, measurement overlap and unstable smaller-sample estimates.","Use as core empirical evidence that internal replication remains costly, and as a bridge between sustained advantage and the difficulty of scaling it.",Abstract/introduction pp. 27–28; transfer stages; Method and sample; Discussion pp. 36–38.,https://doi.org/10.1002/smj.4250171105
dyer1996-specialized-suppliers,Jeffrey H. Dyer,1996,SPECIALIZED SUPPLIER NETWORKS AS A SOURCE OF COMPETITIVE ADVANTAGE: EVIDENCE FROM THE AUTO INDUSTRY,RBV; Bridge; Influence; Empirical,"Can specialized relationships between separate firms create competitive advantage, and which partners capture the resulting gains?",Two Japanese and three U.S. automakers plus selected partner and arm’s-length suppliers.,"Comparative surveys/interviews, descriptive network plots, selected regressions and rank correlations.","Plant proximity; nonredeployable assets; face-to-face contact; quality, inventory, development cycle and ROA.",Some specificity dimensions associate with better network performance; physical specificity–quality prediction is unsupported.,Suggestive observational comparisons; five-producer outcomes do not support strong causal claims.,"National institutions, trust, selection of supplier ties, product quality and bargaining/appropriation.","Use to connect value creation through specialization with appropriation and governance, while showing the limits of small-network comparisons.",Selected source excerpts: Sample and data collection; Performance measures and Data analysis; Performance discussion; Conclusion boundary conditions. Tables and other sections not fully reviewed.,https://doi.org/10.1002/(sici)1097-0266(199604)17:4<271::aid-smj807>3.0.co;2-y
argyres1996-divisionalization,Nicholas Argyres,1996,"CAPABILITIES, TECHNOLOGICAL DIVERSIFICATION AND DIVISIONALIZATION",Bridge; Capabilities; KBV; Empirical,How is technological diversification related to the internal division structure of a multidivisional firm?,106 large U.S. multidivisional firms; 1975 structure and 1974–1981 patent information.,Cross-sectional OLS models with sector and diversification controls.,Patent technological diversity; divisions/subsidiaries relative to revenues; sector and strategic diversification.,"Negative diversity–divisionalization association, conditioned by sector’s technological progressiveness.",Associational organization–strategy fit; causal direction is explicitly ambiguous.,"Simultaneity, patenting propensities, size scaling and unobserved internal decision rights.",Use as a bridge from knowledge complementarities to internal organizational design and the limits of highly autonomous divisions.,Selected source excerpts: Empirical methods and measure discussion; Sample/models; results narrative preceding Conclusion. Tables and other sections not fully reviewed.,https://doi.org/10.1002/(sici)1097-0266(199605)17:5<395::aid-smj826>3.0.co;2-e
maijoor1996-strategic-regulation,Steven Maijoor; Arjen Van Witteloostuijn,1996,AN EMPIRICAL TEST OF THE RESOURCE-BASED THEORY: STRATEGIC REGULATION IN THE DUTCH AUDIT INDUSTRY,RBV; Bridge; Empirical,How can regulation make professional human capital valuable and protect the rents attached to it?,Dutch audit profession in the postwar period; membership histories and selected income years.,Historical longitudinal industry analysis; comparisons of regulatory and nonregulatory periods.,"Disclosed accounts, qualified employees and partners, concentration, promotions and professional income.",Regulation enlarges demand; professional and partnership constraints help protect scarce positions.,Historical and statistical association; no isolated regulatory treatment estimate.,"Secular demand growth, technology/productivity changes and limited income data.","Use to ask where valuable, scarce resources come from and how institutional rules protect or distribute their returns.",Selected source excerpts: Evidence: Hypotheses 1 and 2; Conjectures 1–2 on rent appropriation. Tables and other sections not fully reviewed.,https://doi.org/10.1002/(sici)1097-0266(199607)17:7<549::aid-smj827>3.0.co;2-r
helfat1997-complementarity,Constance E. Helfat,1997,Know-how and asset complementarity and dynamic capability accumulation: the case of r&d,Capabilities; RBV; Empirical,How do existing technological knowledge and complementary physical assets shape investment in new capabilities after an environmental change?,"26 major U.S. energy firms, 1976–1981.",Tobit regressions; lagged regressors; alternative lagged-dependent-variable and firm-effect specifications.,Coal-conversion R&D/sales; refining R&D capital; complementary physical assets; oil prices.,Related knowledge predicts coal-conversion R&D; some complementary-asset coefficients depend on specification.,"Association in capability investment, not causal evidence of performance advantage.","Oil prices, firm size, firm effects, prior spending and correlated knowledge stocks are considered.",Use to explain where dynamic capabilities come from and why resource complementarities remain contingent on market conditions.,Selected source excerpts: Data; Empirical methodology and variables; Empirical results narrative around Table 7; Conclusion. Tables and other sections not fully reviewed.,https://doi.org/10.1002/(sici)1097-0266(199705)18:5<339::aid-smj883>3.0.co;2-7
powell1997-it-complements,Thomas C. Powell; Anne Dent-Micallef,1997,"Information technology as competitive advantage: the role of human, business, and technology resources",RBV; Capabilities; Critiques; Empirical,"Why do firms using similar information technologies achieve different performance, and can IT alone explain advantage?",65 retail firms; home-office responses with remote store-manager validation.,Cross-sectional resource-performance regressions supplemented by interviews and interrater checks.,"Human/business resources, in-store and beyond-store IT, financial and IT performance.",Human complements predict performance; IT alone is nonsignificant; business effects are weaker with human resources controlled.,Association only; authors explicitly state sustainability and causal direction are not established.,"Reverse causality, common-method perceptions, industry specificity and technology diffusion.",Use as a concrete case showing that buying a visible resource may not reproduce the organizational system behind successful use.,Selected source excerpts: Data and measures: Sample; Data analysis and findings; Discussion and limitations. Tables and other sections not fully reviewed.,https://doi.org/10.1002/(sici)1097-0266(199705)18:5<375::aid-smj876>3.0.co;2-7
lane1998-relative-absorption,Peter J. Lane; Michael Lubatkin,1998,Relative absorptive capacity and interorganizational learning,KBV; Capabilities; Empirical,Why can a firm learn effectively from one partner but struggle to learn from another?,Pharmaceutical–biotechnology R&D alliances with organizational and scientific-knowledge information.,Observational alliance study combining bibliometric data and organizational survey measures.,"Knowledge-base similarity, structures, compensation, research communities, R&D spending and learning.",Selected relative-compatibility measures predicted learning more strongly than R&D spending alone.,"Evidence for a relational learning mechanism, subject to partner-selection effects.","Self-selection of compatible partners, reported learning, prior relationships and unmeasured alliance governance.",Use to explain why access to a valuable partner’s knowledge does not ensure successful learning and why partner matching matters.,Abstract p. 461; relative absorptive-capacity theory; measures and Results section.,https://doi.org/10.1002/(sici)1097-0266(199805)19:5<461::aid-smj953>3.0.co;2-l
tsai1998-social-capital-value,W. Tsai; S. Ghoshal,1998,SOCIAL CAPITAL AND VALUE CREATION: THE ROLE OF INTRAFIRM NETWORKS.,KBV; Empirical; Influence,How do social relationships among business units contribute to resource exchange and product innovation?,Fifteen business units of one multinational electronics company; three key respondents sought per unit.,Observational multisource network survey and structural-equation/path analysis.,"Social interaction, trustworthiness, shared vision, interunit resource exchange and product innovation.","Social interaction and trust related to resource exchange, which related to innovation.","Associational support for the proposed mechanism, with weak temporal identification.","Reverse causality, small unit-level sample, shared organizational setting and correlated respondent perceptions.","Use to connect the organizational-advantage argument to observable relationships, while illustrating the inferential limits of early capability research.",Introduction p. 464; Methods pp. 468–470; Results and model discussion.,https://doi.org/10.2307/257085
combs1999-cooperation,"James G. Combs; David J. Ketchen, Jr.",1999,Explaining interfirm cooperation and performance: toward a reconciliation of predictions from the resource-based view and organizational economics,RBV; Bridge; Critiques; Empirical,How do resource needs and exchange conditions jointly explain cooperation choices and subsequent firm performance?,94 publicly held restaurant chains; archival measures and hospitality-expert assessments.,"Regression and interaction analyses of cooperation choices and performance, with later-year checks.",Resource availability/reputation/management experience; exchange conditions; cooperation; ROA and market-to-book.,Resource and exchange conditions interact; several resource-performance and alignment predictions receive only partial support.,Observational associations; later convergence cannot establish that cooperation built capabilities.,"Scale, growth, firm age, limited construct proxies and alternative subsequent strategic changes.","Use as a direct empirical comparison of RBV and organizational economics, including the costs of prioritizing resource access.",Selected source excerpts: Measures; Results; Discussion of resource/exchange interaction and performance; Limitations. Tables and other sections not fully reviewed.,https://doi.org/10.1002/(sici)1097-0266(199909)20:9<867::aid-smj55>3.0.co;2-6
hansen1999-search-transfer,Morten T. Hansen,1999,The Search-Transfer Problem: The Role of Weak Ties in Sharing Knowledge across Organization Subunits,KBV; Empirical; Influence,"When do weak relationships facilitate knowledge sharing, and when do they become an obstacle?",120 new-product-development projects in 41 divisions; 54 reported an interdivisional transfer event.,Observational network and project study combining surveys and archives.,"Interunit tie weakness, knowledge codification/complexity, project characteristics and completion time.",Weak ties helped with simpler knowledge but impeded complex transfers; benefits depended on knowledge characteristics.,"Conditional associations explaining a search–transfer tradeoff, not experimental tie-strength manipulation.","Endogenous network formation, project selection, knowledge complexity measurement and single-firm context.",Use to structure the practical question of whether to broaden access or deepen collaboration; the answer depends on the stage and content of knowledge sharing.,Abstract p. 82; Data and Methods; complexity and tie measures; Discussion pp. 105–106.,https://doi.org/10.2307/2667032
almeida1999-engineer-mobility,Paul Almeida; Bruce Kogut,1999,Localization of Knowledge and the Mobility of Engineers in Regional Networks,KBV; Empirical; Influence,Why are knowledge spillovers localized in some regions more strongly than in others?,Important semiconductor patents from 1980 and 1985 in twelve major US regions; corresponding citations and inventor mobility.,Matched patent-citation comparisons and observational analysis of regional mobility.,"Geographic localization of citations, technological controls and movement of major patent holders across employers.",Localization varied across regions; engineer mobility influenced local knowledge flows.,Evidence supports a regional labor-network mechanism without a randomized mobility shock.,"Technology clustering, inventor selection, unobserved regional institutions and citation conventions.",Use to qualify any claim that useful knowledge is naturally contained inside legal firm boundaries.,Abstract p. 905; patent sampling and geographic controls pp. 908–911; mobility analysis and conclusions.,https://doi.org/10.1287/mnsc.45.7.905
feldman2000-routine-change,Martha S. Feldman,2000,Organizational Routines as a Source of Continuous Change,Capabilities; Empirical; Critiques,How can repeated organizational routines generate ongoing change through their own performance?,"Five routines in a student-housing organization at a large state university, observed for four years.",Longitudinal qualitative fieldwork and process comparison across repeated routine performances.,"Observations of work and meetings, participant interpretations, expected outcomes and subsequent changes.","Participants revised routines in response to failures, unintended outcomes and opportunities.",Evidence identifies plausible within-routine mechanisms rather than a population causal effect.,"Researcher interpretation, setting-specific administrative conditions and concurrent organizational changes.",Use as a challenge to treating routines solely as inertia and as a concrete example before introducing dynamic capabilities.,Abstract; methods and organizational context; descriptions of five routines; performative model and discussion.,https://doi.org/10.1287/orsc.11.6.611.12529
rosenkopf2001-boundary-spanning,Lori Rosenkopf; Atul Nerkar,2001,"Beyond local search: boundary‐spanning, exploration, and impact in the optical disk industry",KBV; Capabilities; Empirical,How do crossing organizational boundaries and crossing technological boundaries differ in their consequences for inventive impact?,Optical-disk patenting firms; 371 firm-year observations reported in the regression tables.,Negative-binomial regressions with firm and year controls.,Backward citations classified by organizational/technological boundary; later within-domain and outside-domain citations.,Organizational boundary spanning predicts greater impact; technological spanning involves domain-dependent tradeoffs.,"Associational evidence on patented inventions, not direct identification of capability-building routines.","Patent selection, knowledge quality, patent age and the selection of external technologies matter.",Use as empirical evidence that the value of knowledge recombination depends on which boundary is crossed and which outcome is evaluated.,Selected source excerpts: Methodology: Data; Exploration; Impact; Results narrative; Discussion; Conclusions. Tables and other sections not fully reviewed.,https://doi.org/10.1002/smj.160
king2002-incumbent-entry,Andrew A. King; Christopher L. Tucci,2002,Incumbent Entry into New Market Niches: The Role of Experience and Managerial Choice in the Creation of Dynamic Capabilities,Capabilities; Critiques; Empirical,"Does experience in established markets hinder entry into new technological niches, or equip incumbents to enter successfully?","208 business units representing 174 organizations in rigid disk drives, 1976–1995.",Random-effects logistic entry models; Heckman-style selection correction for future sales.,"Production/sales experience, prior niche transitions, entry and subsequent sales.",Existing-market experience favors entry; prior-transition effect is not positive as hypothesized.,Observational entry and performance evidence; managerial choice mechanism inferred.,"Industry transition speed, incumbent selection, prior market position and sampling differences discussed.",Pair with rigidity cases to distinguish average incumbent advantages from the failures of particular market leaders.,Selected source excerpts: Research method and Sample; Results opening paragraphs; Discussion; Conclusions. Tables and other sections not fully reviewed.,https://doi.org/10.1287/mnsc.48.2.171.253
danneels2002-product-competences,Erwin Danneels,2002,The dynamics of product innovation and firm competences,Capabilities; KBV; Empirical,How does developing a new product both draw on existing competences and build competences for future activity?,Five high-technology firms producing physical business-to-business products.,"Comparative qualitative field study using interviews, observations and documents.","Technological/customer competence, product projects and competence development traced qualitatively.",Product innovation both deploys and develops competences; exploiting technology requires complementary customer competences.,Inductive mechanism account; no population effect estimate.,"Case selection, retrospective interpretation and simultaneous changes in markets/resources.",Use to make the resource-services distinction tangible through product development and to introduce first- versus second-order competences.,"Selected source excerpts: Methods opening; Discussion and managerial/limitations sections, selected excerpts. Tables and other sections not fully reviewed.",https://doi.org/10.1002/smj.275
leiblein2002-make-buy-performance,Michael J. Leiblein; Jeffrey J. Reuer; Frédéric Dalsace,2002,Do make or buy decisions matter? The influence of organizational governance on technological performance,Bridge; Capabilities; Empirical,"Does producing internally rather than outsourcing improve technological performance, once firms’ selection of governance is considered?",714 semiconductor product-market/process-technology production decisions from 1996 industry information.,Two-stage governance-choice and technological-performance models with selection correction.,"Make/buy, exchange hazards, governance misfit and standardized feature size.",Direct governance effect is nonsignificant after correction; inadequate safeguards associate with lower technological performance.,Modeled observational comparison; selection assumptions remain essential.,"Capability-driven selection, systemic coordination demands, transaction hazards and omitted attributes.","Use to compare capability selection with TCE alignment, and to explain why a raw make-versus-buy performance comparison is inadequate.",Selected source excerpts: Methodology: Data and technological-performance measure; Second-stage results opening; Discussion. Tables and other sections not fully reviewed.,https://doi.org/10.1002/smj.259
hansen2002-knowledge-networks,Morten T. Hansen,2002,Knowledge Networks: Explaining Effective Knowledge Sharing in Multiunit Companies,KBV; Empirical; Influence,Why do some units obtain useful knowledge from the rest of a diversified firm while others fail to realize that potential?,120 new-product-development projects in 41 units of a multinational electronics company.,Observational project/network study combining competency classifications and surveys.,"Related knowledge, network-path length, direct ties, knowledge obtained, codifiability and completion time.",Benefits required related knowledge accessible through short paths; direct ties had contingent effects by codification.,"Evidence for content–network complementarity, not a randomized test of organizational links.","Network endogeneity, recall and single-company context; shared setting with earlier Hansen studies.",Use to explain why corporate relatedness alone cannot guarantee synergy and why integration requires particular lateral connections.,Abstract p. 232; Data and Methods pp. 236–238; knowledge-network definitions and results.,https://doi.org/10.1287/orsc.13.3.232.2771
kale2002-alliance-function,Prashant Kale; Jeffrey H. Dyer; Harbir Singh,2002,"Alliance capability, stock market response, and long‐term alliance success: the role of the alliance function",Capabilities; KBV; Influence; Empirical,"Does alliance experience improve alliance success by itself, or through dedicated structures that capture and apply what firms learn?",Firms and their alliances formed during 1993–1997; primary and alliance-level respondents plus stock-market data.,Survey/event-study regressions and Heckman selection models.,"Dedicated alliance function, alliance experience, abnormal returns, multidimensional managerial success assessments.",Alliance function remains a predictor; the independent experience effect diminishes with selection correction.,"Associational triangulation with a modeled selection correction, not random adoption of structures.","Learning orientation, self-selection, partner quality, signaling, and organizational placement.",Use to explain how firms organize learning rather than treating repetition as an automatic capability-building process.,Selected source excerpts: Research design and variable definitions; Discussion; Limitations and future research. Tables and other sections not fully reviewed.,https://doi.org/10.1002/smj.248
schroeder2002-manufacturing,Roger G. Schroeder; Kimberly A. Bates; Mikko A. Junttila,2002,A resource‐based view of manufacturing strategy and the relationship to manufacturing performance,RBV; Capabilities; KBV; Empirical,How do learning practices become difficult-to-copy manufacturing resources associated with plant performance?,"164 plants in Germany, Italy, Japan, the United Kingdom and the United States; three manufacturing industries.",Cross-sectional multiple-respondent survey and structural-equation modeling.,"Internal/external learning, proprietary processes/equipment and manufacturing performance.",Learning–proprietary process and proprietary process–performance paths are positive; original model fit is imperfect.,Associational pathway; temporal mediation and sustained advantage are untested.,"Construct coverage, reverse causality, country/industry differences and post hoc model modifications.",Use to make the learning-to-resource-to-performance chain concrete while distinguishing a fitted mediation model from causal process evidence.,"Selected source excerpts: Description of data and measures; Test of hypotheses, including model-fit and limitations paragraphs. Tables and other sections not fully reviewed.",https://doi.org/10.1002/smj.213
tsai2002-internal-coopetition,Wenpin Tsai,2002,"Social Structure of “Coopetition” Within a Multiunit Organization: Coordination, Competition, and Intraorganizational Knowledge Sharing",KBV; Bridge; Empirical,How do formal coordination and informal relationships affect knowledge sharing when business units also compete with one another?,Twenty-four business units in one large diversified petrochemical-origin company.,Observational sociometric analysis of interunit networks and competition.,"Knowledge sharing, centralization, social interaction, market competition and internal-resource competition.",Centralization related negatively to sharing; social interaction benefits depended on competition type.,Conditional within-firm association rather than causal proof that decentralization improves sharing.,"Endogenous structure, previous sharing, unit status and unobserved interdependencies.","Use to challenge the simple assumption that hierarchy automatically integrates knowledge, and to connect agency and internal power concerns with KBV.",Abstract p. 179; Methods pp. 183–185; coordination measures and results.,https://doi.org/10.1287/orsc.13.2.179.536
leiblein2003-firm-boundaries,Michael J. Leiblein; Douglas J. Miller,2003,An empirical examination of transaction‐ and firm‐level influences on the vertical boundaries of the firm,Bridge; Capabilities; RBV; Empirical,Can transaction attributes and firm-specific experience jointly explain where firms draw vertical boundaries?,469 make/buy production decisions from 117 responding semiconductor manufacturers.,Binary governance-choice models; alternative experience specifications including instrumentalized variables.,"Fabrication and sourcing experience, diversification, specificity, uncertainty and supplier availability.",Both firm-level experience and transaction attributes explain choices; specificity works conditionally with uncertainty.,"Associations in endogenous boundary choice, not causal performance estimates.","Prior choices generating experience, size, tenure, market strategy, geography and supplier availability.",Use as direct evidence for combining capability differences with TCE rather than holding firm capabilities constant.,Selected source excerpts: Research design: Sample and specification; Results opening; Discussion. Tables and other sections not fully reviewed.,https://doi.org/10.1002/smj.340
reagans2003-cohesion-range,Ray Reagans; Bill McEvily,2003,Network Structure and Knowledge Transfer: The Effects of Cohesion and Range,KBV; Empirical; Influence,Do network structure and knowledge diversity affect transfer beyond the strength of the direct relationship between sender and receiver?,Employees of one contract R&D firm; 104 of 113 employees returned the survey.,"Observational network analysis combining survey, expertise and personnel information.","Ease of knowledge transfer, cohesion, range, tie strength, expertise overlap and codifiability.",Cohesion and range eased reported transfer after accounting for direct tie strength.,Conditional associations support distinct mechanisms but do not establish exogenous network effects.,"Shared-source response bias, homophily, selection into ties and prior successful cooperation.",Use alongside Hansen to show why the weak-tie/strong-tie distinction alone does not capture the full social architecture of transfer.,Abstract p. 240; methods pp. 248–252; results and discussion.,https://doi.org/10.2307/3556658
ray2004-process-performance,Gautam Ray; Jay B. Barney; Waleed A. Muhanna,2004,"Capabilities, business processes, and competitive advantage: choosing the dependent variable in empirical tests of the resource‐based view",RBV; Critiques; Empirical,At what level should researchers measure performance when testing whether resources produce competitive advantages?,104 North American life and health insurance firms responding from an 800-firm sampling frame.,Multi-informant survey; structural-equation models of process and firm outcomes.,"Service climate, managerial IT knowledge, technology scope, spending, customer service and ROA.",Intangible capabilities predict some process outcomes but not ROA; technology/spending measures are nonsignificant.,"Outcome-level association, not a test identifying rent recipients.","Other business-process disadvantages, appropriation, respondent perceptions and sample selection.","Use to compare process effectiveness, competitive advantage and accounting returns before pooling empirical support for RBV.",Selected source excerpts: Data and method: Sample; Independent and dependent variable measures; Results; Disaggregating firm performance; Resource-based logic and business processes. Tables and other sections not fully reviewed.,https://doi.org/10.1002/smj.366
mayer2004-learning-contract,Kyle J. Mayer; Nicholas S. Argyres,2004,Learning to Contract: Evidence from the Personal Computer Industry,Bridge; KBV; Capabilities; Empirical,"How do firms learn to write contracts, and what knowledge do contracts preserve as a relationship develops?","Softstar and several customers; eleven focal contracts with HW Inc., 1989–1997.",Contract-history case study and repeated interviews with managers and technical personnel.,Changes in contract terms following experienced coordination and project problems.,Contracts evolve through problem-driven learning and preserve collaboration knowledge; transfer across customer relationships is limited.,Qualitative process inference with source triangulation; no estimated population effect.,"Anticipatory TCE explanations, relationship-specific learning, resource limits and retrospective interpretation.","Use to integrate contracting and learning theories through observable contract revisions, and to explain the development of governance capabilities.",Selected source excerpts: Methods and setting; Learning to contract interpretation; Conclusion. Tables and other sections not fully reviewed.,https://doi.org/10.1287/orsc.1040.0074
haas2005-knowledge-backfire,Martine R. Haas; Morten T. Hansen,2005,When using knowledge can hurt performance: the value of organizational capabilities in a management consulting company,KBV; Empirical; Critiques,Can using a firm’s accumulated knowledge resources reduce rather than improve competitive task performance?,182 sales proposals in one large US management consulting company.,Observational survey and archival study informed by interviews; models of contract wins.,"Use of electronic documents and personal advice, team experience, differentiation requirements and contracts won.",Knowledge use could hurt experienced teams; document reuse could hurt teams needing differentiation.,"Conditional association, not randomized access or an exogenous knowledge-sharing intervention.","Task difficulty, endogenous consultation, unobserved team quality and proposal selection.",Use as an explicit negative or contingent result against the blanket claim that more knowledge sharing always improves performance.,Abstract p. 1; research setting and sampling; contract-won and knowledge-use measures; results and conclusion.,https://doi.org/10.1002/smj.429
hansen2005-multiple-networks,Morten T. Hansen; Marie Louise Mors; Bjørn Løvås,2005,"Knowledge Sharing in Organizations: Multiple Networks, Multiple Phases",KBV; Bridge; Empirical,Do the same social-network conditions help all stages of knowledge sharing?,121 teams in 41 subsidiaries; search-cost analysis 55 projects and transfer-cost analysis 50.,Observational multilevel network study with phase-specific outcomes and clustered inference.,"Team density, interunit network size, tie strength, perceived competition, search decisions and search/transfer costs.",Network effects differed by phase; competition raised costs; strong transfer ties helped with tacit knowledge.,Mechanism-consistent associations; subsets require selection caution.,"Endogenous networks, selection into search/transfer, single-company setting and overlap with earlier research context.",Use to build a staged process explanation instead of treating knowledge sharing as one variable with one set of determinants.,Abstract p. 776; Methods and Data; Results; Discussion and Conclusion.,https://doi.org/10.5465/amj.2005.18803922
ethiraj2005-software-capabilities,Sendil K. Ethiraj; Prashant Kale; M. S. Krishnan; Jitendra V. Singh,2005,Where do capabilities come from and how do they matter? A study in the software services industry,Capabilities; RBV; Bridge; Empirical,"Where do operational capabilities arise, and how do they contribute to profitability at the level of individual projects?","138 projects for 57 clients at one Indian software-services firm, 1996–2001.",Project-level panel models with client fixed effects; GLS alternatives.,Project contribution; new/repeat client; schedule slippage; effort overrun; process defects.,Two project-management measures predict contribution; client-specific effect is specification-sensitive.,"Within-client associations, not an experimentally isolated investment return.","Unobserved client heterogeneity, coarse experience measures, project complexity and overlap between costs/outcomes.",Use for operationalizing capabilities and teaching why mixed or specification-sensitive results belong in an evidence review.,Selected source excerpts: Methods: Data and model specification; Results narrative; Discussion paragraphs on client effects and project management. Tables and other sections not fully reviewed.,https://doi.org/10.1002/smj.433
szulanski2006-presumptive-adaptation,Gabriel Szulanski; Robert J. Jensen,2006,Presumptive adaptation and the effectiveness of knowledge transfer,KBV; Capabilities; Empirical,When does adapting a transferred organizational practice undermine the benefits of knowledge transfer?,Cross-border development of the Mail Boxes Etc. franchise network in Israel.,In-depth longitudinal field investigation using interviews and reconstruction of practice adoption and network development.,Adherence to recommended franchising practices and new-franchise/network growth.,Presumptive adaptation accompanied stalled growth; closer adherence accompanied rapid expansion.,Process evidence consistent with a diagnostic-template mechanism; no randomized assignment.,"Changes in management, market conditions, resources or franchisee composition could also affect growth.",Use as process evidence for replication theory and as a counterweight to the intuitive claim that immediate local adaptation always improves fit.,Abstract p. 937; field setting and methods; adherence measures; network-growth analysis and concluding discussion.,https://doi.org/10.1002/smj.551
dyer2006-relation-specific-capabilities,Jeffrey H. Dyer; Nile W. Hatch,2006,Relation‐specific capabilities and barriers to knowledge transfers: creating advantage through network relationships,KBV; Capabilities; Bridge; Empirical,"Can buyers obtain different performance from the same suppliers, and why does shared supplier knowledge not automatically erase the difference?",42 U.S. supplier plants serving both Toyota and a major U.S. automaker; retrospective 1990–1996 comparisons.,Matched within-supplier quantitative comparisons plus exploratory interviews.,Knowledge-sharing activity/assistance; defects and inventories for matched customer operations.,Toyota operations improve more; network constraints and internal rigidities impede reuse for other customers.,Matched observational evidence plus qualitative mechanisms; not randomized transfer assistance.,"Customer-specific processes, contract timing, volume differences and targeted help to weaker suppliers.",Use to explain relational capability and why knowledge transfer across firms can coexist with barriers to transfer within a supplier.,Selected source excerpts: Research methods: Sample and measures; Results opening; Conclusion. Tables and other sections not fully reviewed.,https://doi.org/10.1002/smj.543
macher2006-problem-solving,Jeffrey T. Macher,2006,Technological Development and the Boundaries of the Firm: A Knowledge-Based Examination in Semiconductor Manufacturing,KBV; Bridge; Capabilities; Empirical,When do integrated or specialized semiconductor manufacturers solve technological development problems more effectively?,Semiconductor manufacturing facilities: 36 facilities from 32 firms in collected data; analysis restricted to 1995–2001.,Comparative observational models of technological-development performance across integrated and specialized manufacturers.,"Development time, initial yield, problem structure and complexity, scale and scope measures.",Specialists were faster even as complexity increased; integrated producers had quality advantages on complex problems.,Qualified evidence for organizational matching; results depend on performance dimension.,"Endogenous organization and problem selection, capability differences and economies of scale or scope.","Use as a substantive empirical qualification of KBV predictions, emphasizing that coordination can affect speed and quality differently.",Abstract p. 826; data and measures; results Tables 4–5 and discussion pp. 839–841.,https://doi.org/10.1287/mnsc.1060.0511
rothaermel2007-multilevel-innovation,Frank T. Rothaermel; Andrew M. Hess,2007,"Building Dynamic Capabilities: Innovation Driven by Individual-, Firm-, and Network-Level Effects",Capabilities; KBV; Influence; Empirical,"How do people, internal R&D and external alliances jointly contribute to an incumbent’s innovation under technological change?",81 incumbent pharmaceutical firms followed from 1980–2001 after reconstructing predecessor/merger histories.,Longitudinal patent-output models with multilevel predictors and interaction tests.,"Scientists/stars/nonstars, R&D, biotech alliances, granted biotech patent applications.",Star effect is conditional on nonstar controls; human capital substitutes for some inputs; R&D and alliances complement.,Associational multilevel evidence; interactions are not independently manipulated mechanisms.,"Unobserved innovation strategy, firm scale, prior patents, merger histories and selection of scientists/alliances.",Use to challenge both a star-employee-only account and the assumption that all useful resources are mutually complementary.,"Selected source excerpts: Methods: Research setting, Sample and Dependent variable; Results: Direct effects and Interaction hypotheses. Tables and other sections not fully reviewed.",https://doi.org/10.1287/orsc.1070.0291
haas2007-differentiated-benefits,Martine R. Haas; Morten T. Hansen,2007,"Different knowledge, different benefits: toward a productivity perspective on knowledge sharing in organizations",KBV; Empirical; Influence,Do codified documents and personal advice produce the same benefits for knowledge-intensive work?,182 sales teams in a large US management consulting company.,"Observational team survey, with interviews informing measurement and regressions by task outcome.","Document use, advice, time saved, work quality, competence signaling, document rework and advisor effort.",Codified and personal knowledge delivered different benefits; process costs reduced outcomes.,"Differentiated correlations support mechanisms, not randomized comparisons of knowledge forms.","Self-reported outcomes, endogenous knowledge use, correlated task difficulty and reused empirical context.",Use to replace an undifferentiated knowledge-performance arrow with a concrete map from knowledge form to specific benefit and cost.,Abstract p. 1133; Data and Methods pp. 1141–1144; Results and discussion.,https://doi.org/10.1002/smj.631
argyres2007-misalignment-survival,Nicholas Argyres; Lyda Bigelow,2007,Does Transaction Misalignment Matter for Firm Survival at All Stages of the Industry Life Cycle?,Bridge; Capabilities; Critiques; Empirical,Do inefficiently aligned transactions threaten survival equally at every stage of an industry’s evolution?,Historical population of U.S. automobile producers observed during 1917–1933.,Gompertz survival models with engine-governance misalignment and industry-stage interactions.,"Engine uniqueness, integration/outsourcing, shakeout period and firm failure.",Misalignment is not significant overall but has a mortality penalty during shakeout.,"Historical conditional associations, not direct observation of governance costs.","Scale economies, supplier capabilities, inherited commitments and changing competitive intensity.","Use to compare TCE efficiency predictions with evolutionary selection, including when an inefficient firm can survive.",Selected source excerpts: Data and methods opening; Results opening; Discussion. Tables and other sections not fully reviewed.,https://doi.org/10.1287/mnsc.1070.0706
somaya2008-employee-mobility,Deepak Somaya; Ian O. Williamson; Natalia Lorinkova,2008,Gone but Not Lost: The Different Performance Impacts of Employee Mobility Between Cooperators Versus Competitors,KBV; Influence; RBV; Empirical,When can losing employees preserve or improve business relationships instead of simply depleting valuable human capital?,"123 patent law firms and 109 corporate potential clients, 1991–1995.",Law-firm/client dyad fixed-effects Poisson models with lagged predictors and year effects.,Attorney inflows/outflows by destination; volume of patent work assigned by each client.,Client-bound departures associate with business gains; competitor-bound departures associate with losses.,Within-dyad observational association; external-social-capital mechanism remains inferred.,"Client selection, anticipatory hiring, attorney quality, knowledge fit and relationship changes.",Pair with Campbell and colleagues to show how different mobility destinations change the balance of knowledge loss and relationship gains.,"Selected source excerpts: Methods: Sample, Dependent variable and Analyses; Discussion and directions for future research. Tables and other sections not fully reviewed.",https://doi.org/10.5465/amj.2008.34789660
danneels2008-second-order-antecedents,Erwin Danneels,2008,Organizational antecedents of second‐order competences,Capabilities; Influence; Empirical,Which organizational conditions help firms develop the ability to build new technological and marketing competences?,145 U.S. manufacturing-firm responses in 2000; surviving/responding firms followed in 2004.,Two-wave panel and cross-sectional regressions; reverse-direction and performance-control checks.,"Second-order marketing/R&D competences; scanning, slack, conflict, cannibalization and failure tolerance.",Effects are differentiated; failure tolerance lacks expected support and is negative for lagged R&D competence.,"Temporal associations and reverse-direction tests, not randomized organizational interventions.","Selective attrition, informant changes, unmeasured antecedents and weak longitudinal marketing prediction.",Use to answer the antecedents question empirically and show why familiar prescriptions for innovation need qualified evidence.,Selected source excerpts: Data collection; Findings opening; Reverse-causation tests; Discussion on organizational antecedents. Tables and other sections not fully reviewed.,https://doi.org/10.1002/smj.684
newbert2008-value-rareness,Scott L. Newbert,2008,"Value, rareness, competitive advantage, and performance: a conceptual‐level empirical investigation of the resource‐based view of the firm",RBV; Critiques; Empirical,Can the central RBV concepts of value and rarity be measured and linked separately to advantage and performance?,"Micro- and nanotechnology firms; 117 returned surveys, with analysis-specific missing-data reductions.",Cross-sectional hierarchical OLS and mediation tests across resource categories.,"Perceived value, rarity, competitive advantage and performance.",Value/rarity generally predict advantage; rarity mediation partly supported; value mediation unsupported.,"Associational conceptual-level test, not proof of causal or sustained advantage.","Common respondent bias, construct overlap, subjective shadow values and emerging-market demand uncertainty.",Use beside RBV critiques to show an explicit operationalization attempt and the specific predictions that remain unsupported.,Selected source excerpts: Methodology: Sample and Full study; Analysis/results; Mediating effect; Limitations and directions for future research. Tables and other sections not fully reviewed.,https://doi.org/10.1002/smj.686
sirmon2009-investment-deployment,David G. Sirmon; Michael A. Hitt,2009,Contingencies within dynamic managerial capabilities: interdependent effects of resource investment and deployment on firm performance,Capabilities; RBV; Empirical,"When does investing more or less than rivals create value, and how does resource deployment change that relationship?","284 U.S. regional banks; 1,119 firm-year observations, 1998–2002.",Panel analysis of investment deviations and investment–deployment interactions.,Human/physical capital investment relative to rivals; service sophistication; Tobin’s q.,Investment deviation alone is unfavorable; deployment fit matters with one predicted low-investment combination unsupported.,Observational conditional relationships; managerial capability inferred from decisions.,"Industry recipes, market selection, resource-quality proxies and omitted strategic differences.",Use to move discussion from owning more resources to matching resource investments with their productive deployment.,Selected source excerpts: Method: Sample and resource/performance definitions; Results opening narrative; Discussion of fit and unsupported physical-capital result. Tables and other sections not fully reviewed.,https://doi.org/10.1002/smj.791
shamsie2009-replication-renewal,Jamal Shamsie; Xavier Martin; Danny Miller,2009,"In with the old, in with the new: capabilities, strategies, and performance among the Hollywood studios",Capabilities; RBV; Empirical,"When should project-based firms repeat established strengths, and when should they build capabilities in new project categories?","Seven major Hollywood studios, 7,124 films, 1936–1965.",Historical studio-level regression analysis with strategy–resource and strategy–demand interactions.,"Genre replication/renewal relative to own and rivals’ success; theaters, stars, demand; ROS with ROA checks.",Differentiated strategies perform better; resource and demand conditions alter their payoffs.,Conditional observational associations; genre allocation is a proxy for capability development.,"Reverse performance feedback, genre-demand shifts, resource access and historical-industry specificity.",Use to connect replication and renewal to concrete competitive alternatives rather than assuming that more change always improves performance.,"Selected source excerpts: Method: Sample, outcome and strategy definitions; Results opening; Discussion. Tables and other sections not fully reviewed.",https://doi.org/10.1002/smj.789
tripsas2009-identity-inertia,Mary Tripsas,2009,"Technology, Identity, and Inertia Through the Lens of “The Digital Photography Company”",Capabilities; Critiques; Empirical,Why can an organization resist a technological opportunity even when it possesses relevant technical competences?,"Linco, 1996–2006, including interviews and participant observation during portions of its life.",Inductive longitudinal case study with internal and external archival triangulation.,"Identity claims, routines, product decisions and reactions to technological opportunities.",Identity-challenging opportunities face attention/action barriers; identity change is slow and systemically embedded.,Qualitative process theory; one case does not establish general effect prevalence.,"Technological uncertainty, financial pressures, leadership change and researcher participation.",Use beside resource-cognition and capability-rigidity readings to explain why technical feasibility does not settle adaptation.,Selected source excerpts: Data and methods; Archival records and Data analysis; Discussion and conclusions. Tables and other sections not fully reviewed.,https://doi.org/10.1287/orsc.1080.0419
danneels2011-smith-corona,Erwin Danneels,2011,Trying to become a different type of company: dynamic capability at Smith Corona,Capabilities; Critiques; RBV; Empirical,Why can a firm actively attempt renewal yet fail to redeploy its resources into viable new products?,"Smith Corona, 1980–2001; archives and 17 executive/director interviews.",Historical extended case method with triangulation and member checks.,Resource alterations and managerial resource schemas reconstructed from decisions and accounts.,Renewal attempts failed; beliefs about brand fungibility shaped unproductive paths.,"Qualitative mechanism explanation, not an isolated causal effect or universal failure model.","Retrospective rationalization, industry decline and alternative unrealized resource applications.","Use as a detailed failure case that separates attempted reconfiguration, managerial interpretation and successful adaptation.",Selected source excerpts: Method; Resource cognition; Discussion. Tables and other sections not fully reviewed.,https://doi.org/10.1002/smj.863
drnevich2011-ordinary-dynamic,Paul L. Drnevich; Aldas P. Kriauciunas,2011,Clarifying the conditions and limits of the contributions of ordinary and dynamic capabilities to relative firm performance,Capabilities; Critiques; Empirical,Do ordinary and dynamic capabilities improve both process outcomes and firm profitability under the same conditions?,48 Chilean firms reporting 192 business-process changes.,Multi-specialist retrospective survey and process-/firm-level regressions.,"IT use for existing versus new activities, perceived environmental change, capability heterogeneity, relative performance.",Ordinary capabilities positive at both levels; dynamic capability result differs across levels; moderation predictions only partly supported.,Associational evidence; the study discusses reverse causality and delayed returns.,"Poor prior performance prompting change, costs/delays of adjustment, low response and imperfect dynamism measurement.","Use as mixed evidence against treating dynamic capabilities as automatically beneficial, while emphasizing outcome levels and adjustment periods.","Selected source excerpts: Methods; Ordinary/dynamic capability and environmental-dynamism measures; Discussion and implications, first three hypothesis discussions. Tables and other sections not fully reviewed.",https://doi.org/10.1002/smj.882
campbell2012-employee-spinouts,Benjamin A. Campbell; Martin Ganco; April M. Franco; Rajshree Agarwal,2012,"Who leaves, where to, and why worry? employee mobility, entrepreneurship and effects on source firm performance",RBV; Influence; Bridge; Empirical,"Which employees leave, where do they go, and how do different destinations affect the originating firm?",Linked legal-services employer/employee records in ten U.S. states; restricted to eligible continuing firms and workers.,Longitudinal worker mobility and source-firm performance models with robustness checks.,Earnings; established-firm versus spin-out destination; compensation-based revenue-per-employee proxy.,Spin-out moves have stronger adverse source-firm associations; destination patterns differ with earnings.,Observational mobility evidence; complementary-asset transfer is an interpreted mechanism.,"Employee quality, involuntary tournament exits, unobserved opportunities, client transfer and earnings measurement.",Use to explain why human capital creates value but cannot be treated as an asset the employer simply owns.,"Selected source excerpts: Data and methodology: Context, Data source and Variables; Discussion and conclusion. Tables and other sections not fully reviewed.",https://doi.org/10.1002/smj.943
argyres2016-knowledge-inheritance,Nicholas Argyres; Romel Mostafa,2016,"Knowledge Inheritance, Vertical Integration, and Entrant Survival in the Early U.S. Auto Industry",Bridge; Capabilities; Influence; Empirical,"How does founders’ inherited knowledge shape entrants’ vertical boundaries, strategic positions and survival?","63 entrants with sufficient data out of 71 identified U.S. auto entrants, 1917–1931.","Historical integration, positioning and survival models supplemented with qualitative entrant histories.","Parent engine production, entrant engine integration, strategic positioning and survival.",Relevant knowledge inheritance predicts integration; integration supports the differentiation pathway associated with survival.,"Historical mechanism-consistent associations, not random inheritance of capabilities.","Founder pre-employment expertise, entrant selection, transaction hazards and small-sample uncertainty.",Use to show an antecedent of capability heterogeneity and trace how inherited knowledge becomes a consequential organizational choice.,Selected source excerpts: Data and estimations; Results opening; Discussion and conclusion. Tables and other sections not fully reviewed.,https://doi.org/10.5465/amj.2013.0180
girod2017-reorganization,Stéphane J. G. Girod; Richard Whittington,2017,"Reconfiguration, restructuring and firm performance: Dynamic capabilities and environmental dynamism",Capabilities; Bridge; Critiques; Empirical,How do limited organizational reconfigurations and pervasive restructurings differ in their performance consequences?,"Top 50 publicly listed industrial Fortune 500 firms in 1985, tracked to 2004; acquisitions reduce later coverage.",Archival event coding and dynamic panel System-GMM models.,"Restructurings, unit reconfigurations, environmental dynamism, Tobin’s Q and ROA.",General restructuring benefit and reconfiguration penalty reverse under high dynamism.,Conditional observational estimates; instrument and coding assumptions matter.,"Performance-triggered reorganization, structural measurement, adjustment lags and large-firm selection.",Use to distinguish forms of change and explain why frequent adaptation can carry costs as well as benefits.,"Selected source excerpts: Methods and data: Sample, outcome and reorganization measures; Results opening narrative; research summary. Tables and other sections not fully reviewed.",https://doi.org/10.1002/smj.2543
cohen2018-technology-bridges,Susan L. Cohen; Mary Tripsas,2018,Managing Technological Transitions by Building Bridges,Capabilities; KBV; Critiques; Empirical,When does old technological knowledge help or hinder invention in a new technological generation?,"14 research-active photography incumbents; patents gathered 1974–2010, outcome analysis ending 2004 to allow citation accumulation.",Longitudinal Poisson invention-impact models with firm/year controls and interaction tests.,"Inventor bridges, analog citations in digital patents, hybrid cameras, analog capability and forward citations.",Bridge effects vary by type and prior capability; digital-inventor additions alone are nonsignificant.,"Observational inventive-impact associations, not direct causal tests of beliefs or commercial success.","Patent selection, inventor-history imputation, prior capability and endogeneity of transition choices.",Use to compare persistence and renewal without assuming all old knowledge is either obsolete or automatically useful.,Selected source excerpts: Sources and data; Measures; Results opening; Discussion and limitations. Tables and other sections not fully reviewed.,https://doi.org/10.5465/amj.2015.0690
zuzul2020-founder-identity,Tiona Zuzul; Mary Tripsas,2020,Start-up Inertia versus Flexibility: The Role of Founder Identity in a Nascent Industry,Capabilities; Critiques; Influence; Empirical,Why do some young firms remain inert while other start-ups adapt in the same uncertain emerging market?,Four early air-taxi firms; archival coverage 1999–2009 with founder/executive and industry interviews.,Inductive comparative longitudinal case study.,"Founder identity, venture commitments, experiments, audience expectations and adaptation.",Revolutionary/discoverer identity patterns correspond to inertia/flexibility across the cases.,Qualitative theory development; alternative background mechanisms remain possible.,"Funding, founder experience, technology choices and depth of technical expertise examined.",Use as a boundary case against equating youth with flexibility or organizational age with rigidity.,"Selected source excerpts: Method: Setting, Sample and Data sources; Alternative explanations; Discussion. Tables and other sections not fully reviewed.",https://doi.org/10.1177/0001839219843486
chondrakis2022-coordination-sourcing,George Chondrakis; Eduardo Melero; Mari Sako,2022,The effect of coordination requirements on sourcing decisions: Evidence from patent prosecution services,KBV; Bridge; Empirical; Influence,"Do increases in coordination requirements cause firms to bring professional services inside, and does prior plural sourcing facilitate adjustment?","217,480 patent applications, 101 firms, 413 patent classes; applications filed 1995–2005.","Difference-in-differences analysis of AIPA, with continuous exposure based on pre-reform patent-class grant lags, firm/class/year effects and heterogeneity by prior plural sourcing.","In-house versus external attorney, pre-reform class grant lag, post-reform period and plural sourcing.",Coordination increases encouraged insourcing; response was stronger among prior plural sourcers.,"Plausibly causal under exposure and counterfactual-trend assumptions, stronger than a simple cross-sectional correlation.",Other reform effects correlated with patent-class delays; unobserved differences in adjustment capacity; bundled integration mechanisms.,Use as comparatively strong governance evidence and as an example of why preexisting capabilities affect responses to changes in transaction conditions.,"Title page (2021 online, 2022 issue); Methods and Data pp. 1149–1152; identification and results; conclusion p. 1166.",https://doi.org/10.1002/smj.3359
